Unnamed: 0,stationTriplet,stationId,stateCode,networkCode,name,dcoCode,countyName,huc,elevation,latitude,longitude,dataTimeZone,pedonCode,shefId,beginDate,endDate,silt_0_30cm,clay_0_30cm,nitrogen_0_30cm,sand_0_30cm,soc_0_30cm
0,2057:AL:SCAN,2057,AL,SCAN,AAMU-JTG,GC,Madison,60300020403,800,34.78534,-86.55906,-6,27979,AAMA1,2002-02-23 00:00,2100-01-01 00:00,585.0,264.67,157.67,150.0,190.67
8,2092:KS:SCAN,2092,KS,SCAN,Abrams,GC,Cowley,110300130307,1190,37.1313,-97.0859,-6,31337,ABRK1,2004-06-21 00:00,2100-01-01 00:00,160.0,141.33,163.0,698.67,130.33
10,2015:NM:SCAN,2015,NM,SCAN,Adams Ranch #1,GC,Lincoln,130600060201,6170,34.25298,-105.41976,-7,19304,ADRN5,1993-10-25 00:00,2100-01-01 00:00,179.67,156.0,119.67,664.33,94.33
13,2235:CA:SCAN,2235,CA,SCAN,Adobe,GC,Mono,180901010607,6500,37.97787,-118.68626,-8,,,2023-09-27 00:00,2100-01-01 00:00,246.0,174.67,61.67,579.33,60.67
23,2237:CA:SCAN,2237,CA,SCAN,Alabama Hills,GC,Inyo,180901030207,5240,36.56295,-118.13562,-8,,,2023-09-28 00:00,2100-01-01 00:00,220.33,78.33,112.33,701.0,163.67
31,2172:NM:SCAN,2172,NM,SCAN,Alcalde,GC,Rio Arriba,130201011107,5680,36.0908,-106.05668,-7,53313,ALDN5,2010-03-10 00:00,2100-01-01 00:00,124.67,160.0,76.67,714.67,89.0
35,2138:UT:SCAN,2138,UT,SCAN,Alkali Mesa,GC,San Juan,140802030601,6450,37.67455,-109.36429,-7,34635,ALKU1,2007-09-17 00:00,2100-01-01 00:00,357.0,212.67,122.67,431.0,139.67
36,2076:TN:SCAN,2076,TN,SCAN,Allen Farms,GC,Giles,60300030905,690,35.0747,-86.8938,-6,30331,ALFT1,2003-06-03 00:00,2100-01-01 00:00,463.0,304.67,175.33,232.33,203.0
56,2031:IA:SCAN,2031,IA,SCAN,Ames,GC,Boone,70801050307,1060,42.01667,-93.73333,-6,28516,AMMI4,2001-09-19 00:00,2100-01-01 00:00,396.0,343.67,241.33,260.33,230.67
98,2214:CA:SCAN,2214,CA,SCAN,Ash Valley,GC,Lassen,180200021404,5100,41.05204,-120.6872,-8,,VYAC1,2014-10-23 00:00,2100-01-01 00:00,352.0,275.67,130.33,372.33,138.67
203,2032:MS:SCAN,2032,MS,SCAN,Beasley Lake,GC,Sunflower,80302071002,110,33.38333,-90.65,-6,24681,BSYM6,1999-09-17 00:00,2100-01-01 00:00,588.67,364.0,186.0,47.33,151.33
204,2207:TX:SCAN,2207,TX,SCAN,Beaumont,GC,Jefferson,120402010100,30,30.06845,-94.29283,-6,,BETT2,2013-09-18 00:00,2100-01-01 00:00,489.33,305.67,176.0,204.67,223.0
368,2135:UT:SCAN,2135,UT,SCAN,Blue Creek,GC,Box Elder,160203090802,5180,41.93531,-112.4336,-7,34628,BLUU1,2007-09-12 00:00,2100-01-01 00:00,550.33,255.0,204.0,194.67,242.67
389,2215:CA:SCAN,2215,CA,SCAN,Bodie Hills,GC,Mono,160503010104,7840,38.26477,-119.12645,-8,,HBDC1,2014-10-24 00:00,2100-01-01 00:00,270.0,158.0,137.67,572.0,135.33
453,2078:AL:SCAN,2078,AL,SCAN,Bragg Farm,GC,Madison,60300020306,790,34.89375,-86.60236,-6,30508,BRAA1,2003-08-25 00:00,2100-01-01 00:00,547.0,332.67,197.67,120.33,177.67
471,2177:AL:SCAN,2177,AL,SCAN,Broad Acres,GC,Montgomery,31501100803,270,32.28393,-86.05253,-6,70255,BDAA1,2010-04-12 00:00,2100-01-01 00:00,415.33,215.33,145.67,369.33,166.67
494,2216:NV:SCAN,2216,NV,SCAN,Buckhorn,GC,Washoe,180800020104,6470,40.87959,-119.9534,-8,,BUCN2,2014-10-24 00:00,2100-01-01 00:00,294.33,265.0,198.33,440.67,212.0
507,2151:UT:SCAN,2151,UT,SCAN,Buffalo Jump,GC,Rich,160101010403,6690,41.34363,-111.18798,-7,40642,BFJU1,2009-08-26 00:00,2100-01-01 00:00,399.67,246.0,161.0,354.67,154.67
542,2224:MO:SCAN,2224,MO,SCAN,Busby Farm,GC,Cole,103001021206,600,38.50472,-92.24667,-6,2018MO,BSBM7,2018-05-15 00:00,2100-01-01 00:00,607.33,301.67,177.0,90.67,211.67
544,2006:TX:SCAN,2006,TX,SCAN,Bushland #1,GC,Randall,111201020301,3830,35.16667,-102.1,-6,18826,BUST2,1993-10-01 00:00,2100-01-01 00:00,487.33,331.67,136.33,181.33,137.67
555,2136:UT:SCAN,2136,UT,SCAN,Cache Junction,GC,Cache,160102020706,4420,41.81568,-111.98043,-7,34629,CAJU1,2007-09-13 00:00,2100-01-01 00:00,543.0,282.0,279.67,175.33,174.0
601,2223:MO:SCAN,2223,MO,SCAN,Carver Farm,GC,Cole,103001021207,560,38.52557,-92.13475,-6,,CRFM7,2018-05-14 00:00,2100-01-01 00:00,615.0,300.0,198.0,85.0,219.33
609,2239:CA:SCAN,2239,CA,SCAN,Case Mountain,GC,Tulare,180300070203,5930,36.40506,-118.78981,-8,,,1900-01-01 00:00,2100-01-01 00:00,254.0,129.0,242.0,617.67,411.33
624,2161:UT:SCAN,2161,UT,SCAN,Cave Valley,GC,Washington,150100080503,6270,37.35524,-113.12341,-7,43933,CAVU1,2010-04-12 00:00,2100-01-01 00:00,47.33,39.0,116.67,913.67,115.67
635,2094:KS:SCAN,2094,KS,SCAN,Centralia Lake,GC,Nemaha,102702050303,1310,39.70045,-96.1629,-6,31338,CTRK1,2004-06-24 13:00,2100-01-01 00:00,545.33,406.33,174.0,48.33,189.67
656,2145:NV:SCAN,2145,NV,SCAN,Charkiln,GC,Clark,160600150101,6700,36.36651,-115.82047,-8,,CHAN2,2007-10-28 00:00,2100-01-01 00:00,334.0,140.67,232.33,525.0,229.67
659,2213:AK:SCAN,2213,AK,SCAN,Checkers Creek,AK,Nome,190501050503,370,65.403,-164.711,-9,72032,CECA2,2014-09-11 00:00,2100-01-01 00:00,545.33,139.0,1149.0,316.0,2318.33
682,2150:UT:SCAN,2150,UT,SCAN,Chicken Ridge,GC,Morgan,160201010603,7650,41.33136,-111.3036,-7,40640,CKRU1,2009-08-25 00:00,2100-01-01 00:00,342.67,178.33,285.67,479.0,403.33
690,2240:CA:SCAN,2240,CA,SCAN,Chimney Creek,GC,Tulare,180300020401,5680,35.83799,-118.03377,-8,,,2024-09-25 00:00,2100-01-01 00:00,236.67,85.67,169.67,678.0,296.33
712,2125:UT:SCAN,2125,UT,SCAN,Circleville,GC,Piute,160300010604,6130,38.15133,-112.25122,-7,34108,CLZU1,2007-05-08 00:00,2100-01-01 00:00,314.33,169.33,98.67,516.33,97.67
767,2195:MO:SCAN,2195,MO,SCAN,CMRB LTAR-MO,GC,Boone,71100060102,870,39.2285,-92.11942,-6,,CTSM7,2014-09-03 00:00,2100-01-01 00:00,598.67,343.33,185.33,57.67,161.33
777,2189:CA:SCAN,2189,CA,SCAN,Cochora Ranch,GC,San Luis Obispo,180600030102,2670,35.11807,-119.59608,-8,70965,CXXC1,2012-06-07 00:00,2100-01-01 00:00,232.33,163.33,137.33,604.0,106.33
820,2066:PR:SCAN,2066,PR,SCAN,Combate,GC,Cabo Rojo,210100040108,50,17.98333,-67.16667,-4,8428,COBP4,2002-06-04 00:00,2100-01-01 00:00,239.67,464.33,242.67,296.0,221.33
833,2117:MT:SCAN,2117,MT,SCAN,Conrad Ag Rc,GC,Pondera,100302030705,3700,48.30453,-111.92363,-7,34001,COAM8,2006-10-18 00:00,2100-01-01 00:00,389.67,315.67,176.0,294.67,178.67
836,2198:WA:SCAN,2198,WA,SCAN,Cook Farm Field D,GC,Whitman,170601080203,2580,46.78373,-117.08008,-8,70385,COOW1,2013-07-24 00:00,2100-01-01 00:00,673.67,242.33,219.67,84.0,292.67
854,2188:PR:SCAN,2188,PR,SCAN,Corozal,GC,Corozal,210100020104,810,18.31865,-66.36281,-4,32428,RCLP4,2012-09-18 00:00,2100-01-01 00:00,322.0,496.0,268.67,182.0,252.33
894,2197:CO:SCAN,2197,CO,SCAN,CPER,GC,Weld,101900080301,5340,40.8228,-104.71068,-7,,CPEC2,2013-09-12 00:00,2100-01-01 00:00,248.67,301.0,114.67,449.67,89.0
910,2002:MN:SCAN,2002,MN,SCAN,Crescent Lake #1,GC,Sherburne,70102030503,980,45.41667,-93.95,-6,18818,CSCM5,1993-10-01 00:00,2100-01-01 00:00,120.67,77.67,251.0,802.0,248.0
919,2107:NM:SCAN,2107,NM,SCAN,Crossroads,GC,Lea,120800010103,4050,33.53513,-103.242,-7,30945,CRDN5,2005-03-12 00:00,2100-01-01 00:00,100.0,153.67,92.33,746.0,75.33
931,2113:AL:SCAN,2113,AL,SCAN,Cullman-NAHRC,GC,Cullman,31601090104,790,34.19492,-86.79897,-6,33156,CNSA1,2006-05-16 00:00,2100-01-01 00:00,378.0,187.0,161.33,434.67,208.67
980,2190:CA:SCAN,2190,CA,SCAN,Death Valley Jct,GC,Inyo,180902021504,2080,36.32502,-116.35132,-8,70961,DVJC1,2012-06-08 00:00,2100-01-01 00:00,281.0,185.33,37.67,533.33,28.67
983,2174:AL:SCAN,2174,AL,SCAN,Dee River Ranch,GC,Pickens,31601060504,160,33.10768,-88.31003,-6,,DEEA1,2010-04-09 00:00,2100-01-01 00:00,450.33,441.33,167.67,108.33,155.0
986,2187:CA:SCAN,2187,CA,SCAN,Deep Springs,GC,Inyo,180902010102,5390,37.37222,-117.97383,-8,70962,DPSC1,2011-11-21 00:00,2100-01-01 00:00,275.0,118.0,110.0,607.33,145.67
1008,2183:CA:SCAN,2183,CA,SCAN,Desert Center,GC,Riverside,181001004703,550,33.80208,-115.30505,-8,70986,ERTC1,2011-11-16 00:00,2100-01-01 00:00,225.33,147.0,43.33,627.67,19.33
1019,2048:MO:SCAN,2048,MO,SCAN,Dexter,GC,Stoddard,80202040502,300,36.78333,-89.93333,-6,28817,DEXM7,2001-09-19 00:00,2100-01-01 00:00,630.33,243.0,179.33,126.33,140.0
1050,2191:CA:SCAN,2191,CA,SCAN,Doe Ridge,GC,Mono,180901020207,7340,37.63423,-118.82643,-8,70963,DOEC1,2012-06-10 00:00,2100-01-01 00:00,316.67,65.33,160.33,618.0,184.67
1092,2167:UT:SCAN,2167,UT,SCAN,Dugway,GC,Tooele,160203061009,4320,40.16591,-113.02007,-7,40645,DGYU1,2009-06-16 00:00,2100-01-01 00:00,487.0,333.67,80.0,179.33,75.33
1115,2192:CA:SCAN,2192,CA,SCAN,Eagle Lake,GC,Lassen,180800030305,5160,40.6175,-120.72472,-8,70964,EALC1,2012-06-12 00:00,2100-01-01 00:00,311.33,234.67,278.0,454.33,200.33
1148,2130:UT:SCAN,2130,UT,SCAN,Eastland,GC,San Juan,140802030109,6840,37.77853,-109.17193,-7,34112,ELDU1,2007-05-14 00:00,2100-01-01 00:00,360.33,217.67,106.0,422.0,119.33
1149,2077:TN:SCAN,2077,TN,SCAN,Eastview Farm,GC,Franklin,60300030602,1050,35.13905,-86.19113,-6,30330,EAST1,2003-06-04 00:00,2100-01-01 00:00,646.67,271.0,195.0,82.0,229.0
1200,2220:MO:SCAN,2220,MO,SCAN,Elsberry PMC,GC,Lincoln,71100041104,490,39.15321,-90.78279,-6,72143,EBYM7,2015-08-04 00:00,2100-01-01 00:00,684.0,257.33,215.0,59.0,198.67
1222,2128:UT:SCAN,2128,UT,SCAN,Enterprise,GC,Iron,160300061307,5240,37.63343,-113.64324,-7,34115,ENPU1,2007-05-11 00:00,2100-01-01 00:00,261.0,253.67,109.67,485.0,96.67
1224,2126:UT:SCAN,2126,UT,SCAN,Ephraim,GC,Sanpete,160300040303,5540,39.36798,-111.57803,-7,34109,EPMU1,2007-05-09 00:00,2100-01-01 00:00,403.0,434.33,253.67,162.67,221.67
1226,2072:SD:SCAN,2072,SD,SCAN,Eros Data Center,GC,Minnehaha,101702031402,1600,43.73835,-96.61455,-6,29691,EROS2,2003-05-01 00:00,2100-01-01 00:00,561.0,330.33,276.33,108.33,275.67
1229,2185:CA:SCAN,2185,CA,SCAN,Essex,GC,San Bernardino,181001003308,2650,34.67235,-115.16693,-8,70988,EXCC1,2011-11-19 00:00,2100-01-01 00:00,216.0,123.67,29.67,660.0,25.33
1241,2051:FL:SCAN,2051,FL,SCAN,Everglades ARS,GC,Miami-Dade,30902061603,10,25.5,-80.55,-5,23291,EARF1,1999-02-01 00:00,2100-01-01 00:00,325.33,381.33,738.67,293.33,514.33
1331,2184:CA:SCAN,2184,CA,SCAN,Ford Dry Lake,GC,Riverside,181001005405,380,33.6547,-115.09763,-8,,RDLC1,2011-11-16 13:00,2100-01-01 00:00,271.33,200.0,47.33,528.67,26.33
1337,2019:MT:SCAN,2019,MT,SCAN,Fort Assiniboine #1,GC,Hill,100500040103,2710,48.49086,-109.8004,-7,19462,FASM8,1991-10-01 00:00,2100-01-01 00:00,383.0,248.0,154.67,369.0,150.33
1346,2022:OK:SCAN,2022,OK,SCAN,Fort Reno #1,GC,Canadian,111003010606,1380,35.55,-98.01667,-6,27115,FTRO2,1998-11-10 14:00,2100-01-01 00:00,485.67,311.67,211.67,203.0,159.0
1351,2122:PR:SCAN,2122,PR,SCAN,Fortuna,GC,Juana Diaz,210100040313,70,18.02502,-66.5279,-4,,FORP4,2006-11-08 00:00,2100-01-01 00:00,326.33,383.33,163.67,290.0,198.0
1378,2218:CA:SCAN,2218,CA,SCAN,French Gulch,GC,Shasta,180201540102,3760,40.79361,-122.55083,-8,,FGLC1,2014-10-22 00:00,2100-01-01 00:00,286.0,235.0,274.33,479.0,398.0
1420,2011:NY:SCAN,2011,NY,SCAN,Geneva #1,GC,Ontario,41402010904,700,42.88333,-77.03333,-5,18821,GVAN6,1993-10-01 00:00,2100-01-01 00:00,397.0,180.0,285.67,423.0,228.0
1451,2050:MN:SCAN,2050,MN,SCAN,Glacial Ridge,GC,Polk,90203030503,1140,47.71667,-96.26667,-6,28526,GLRM5,2001-09-25 00:00,2100-01-01 00:00,141.0,89.33,247.0,769.33,339.67
1476,2024:MS:SCAN,2024,MS,SCAN,Goodwin Ck Pasture,GC,Panola,80302030403,320,34.25,-89.86667,-6,29368,GCPM6,1999-01-27 00:00,2100-01-01 00:00,769.0,209.0,141.67,22.0,183.33
1477,2025:MS:SCAN,2025,MS,SCAN,Goodwin Ck Timber,GC,Panola,80302030402,330,34.23595,-89.89828,-6,29369,GCTM6,1999-01-27 00:00,2100-01-01 00:00,840.67,148.67,160.0,10.67,184.0
1484,2165:UT:SCAN,2165,UT,SCAN,Goshute,GC,Tooele,160203060808,5490,39.99003,-114.00025,-7,43930,GSHU1,2010-03-01 00:00,2100-01-01 00:00,460.33,192.67,79.67,346.67,76.67
1513,2152:UT:SCAN,2152,UT,SCAN,Grantsville,GC,Tooele,160203040503,4340,40.59089,-112.39258,-7,40644,GTVU1,2009-08-27 00:00,2100-01-01 00:00,425.33,305.67,188.67,269.33,167.0
1553,2131:UT:SCAN,2131,UT,SCAN,Green River,GC,Emery,140600080208,4100,39.01825,-110.16264,-7,34110,GREU1,2005-05-15 00:00,2100-01-01 00:00,348.33,176.0,144.0,475.67,128.33
1573,2160:UT:SCAN,2160,UT,SCAN,Grouse Creek,GC,Box Elder,160203080103,5820,41.77846,-113.82048,-7,43921,GRSU1,2010-05-04 00:00,2100-01-01 00:00,446.0,216.67,188.67,337.0,184.67
1577,2045:PR:SCAN,2045,PR,SCAN,Guilarte Forest,GC,Adjuntas,210100020401,3330,18.14638,-66.76718,-4,28517,GUIP4,2001-05-08 00:00,2100-01-01 00:00,402.0,428.0,451.33,170.0,647.33
1602,2164:UT:SCAN,2164,UT,SCAN,Hals Canyon,GC,Millard,160203020303,5250,38.59445,-113.75102,-7,43928,HALU1,2010-03-09 00:00,2100-01-01 00:00,176.67,107.67,49.0,716.33,48.0
1621,2166:UT:SCAN,2166,UT,SCAN,Harms Way,GC,San Juan,140300020802,7060,38.31347,-109.23998,-7,43929,HWYU1,2010-03-03 00:00,2100-01-01 00:00,359.0,268.0,190.0,373.0,206.0
1700,2055:AL:SCAN,2055,AL,SCAN,Hodges,GC,Marshall,60300010705,660,34.44486,-86.16517,-6,27980,HDGA1,2002-02-23 00:00,2100-01-01 00:00,626.33,200.0,198.67,174.33,232.33
1704,2127:UT:SCAN,2127,UT,SCAN,Holden,GC,Millard,160300051502,4750,39.19216,-112.40155,-7,34114,HLDU1,2007-05-10 00:00,2100-01-01 00:00,351.0,194.33,135.0,454.67,154.33
1749,2069:NH:SCAN,2069,NH,SCAN,Hubbard Brook,GC,Grafton,10700010205,1480,43.94843,-71.72644,-5,,HUBN3,2002-09-26 00:00,2100-01-01 00:00,364.67,72.33,752.0,563.0,1077.67
1814,2052:PR:SCAN,2052,PR,SCAN,Isabela,GC,Isabela,210100020507,390,18.47022,-67.04372,-4,9774,ISSP4,2003-08-12 00:00,2100-01-01 00:00,90.67,639.67,263.0,270.0,232.33
1815,2173:AL:SCAN,2173,AL,SCAN,Isbell Farms,GC,Colbert,60300051002,610,34.81982,-87.98685,-6,70252,ISBA1,2010-04-08 00:00,2100-01-01 00:00,587.0,261.67,167.33,151.0,189.67
1866,2111:NE:SCAN,2111,NE,SCAN,Johnson Farm,GC,Chase,102500040102,3330,40.37042,-101.7201,-7,32413,JOFN1,2005-10-26 00:00,2100-01-01 00:00,429.33,199.0,144.67,371.33,135.67
1874,2121:MT:SCAN,2121,MT,SCAN,Jordan,GC,Garfield,100401041801,2810,47.522,-107.12731,-7,34592,JRDM8,2007-06-06 00:00,2100-01-01 00:00,522.67,333.67,159.33,144.0,172.0
1877,2148:ID:SCAN,2148,ID,SCAN,Jordan Valley Cwma,GC,Owyhee,170501080405,4500,42.94863,-117.0106,-7,,JVCI1,2008-12-10 00:00,2100-01-01 00:00,425.67,290.33,169.67,284.0,194.33
1879,2168:NM:SCAN,2168,NM,SCAN,Jornada Exp Range,GC,Dona Ana,130301030502,4350,32.5566,-106.69997,-7,40726,JERN5,2009-10-19 00:00,2100-01-01 00:00,160.67,210.67,71.0,629.0,78.0
1881,2194:MO:SCAN,2194,MO,SCAN,Journagan Ranch,GC,Douglas,110100060102,1100,36.9973,-92.2594,-6,59534,JOUM7,2012-07-24 00:00,2100-01-01 00:00,696.0,163.0,161.67,141.33,164.0
1892,2096:HI:SCAN,2096,HI,SCAN,Kainaliu,GC,Hawaii,200100001102,1350,19.53322,-155.92914,-10,32495,KXXH1,2005-02-10 00:00,2100-01-01 00:00,319.0,356.0,300.0,325.33,392.33
1903,2212:AK:SCAN,2212,AK,SCAN,Kanuti Lake,AK,Yukon-Koyukuk,190901040707,520,66.177,-151.742,-9,72130,KATA2,2014-08-25 00:00,2100-01-01 00:00,,,,,
1950,2206:TX:SCAN,2206,TX,SCAN,Kingsville,GC,Kleberg,121102040409,70,27.54945,-97.88223,-6,66052,KGVT2,2013-09-16 00:00,2100-01-01 00:00,206.67,312.0,143.33,481.33,163.33
1962,2201:TX:SCAN,2201,TX,SCAN,Knox City,GC,Knox,120601010206,1460,33.44635,-99.86657,-6,66053,KNXT2,2013-09-12 00:00,2100-01-01 00:00,196.0,170.33,100.67,633.0,91.33
1969,2180:AL:SCAN,2180,AL,SCAN,Koptis Farms,GC,Baldwin,31602050202,130,30.5238,-87.69797,-6,55484,KOPA1,2010-05-07 00:00,2100-01-01 00:00,179.67,152.67,276.0,667.33,191.33
1973,2147:KS:SCAN,2147,KS,SCAN,Ku-Nesa,GC,Jefferson,102701040502,1090,39.05141,-95.19128,-6,35224,KUNK1,2008-08-20 00:00,2100-01-01 00:00,609.67,341.0,272.0,49.33,236.67
1974,2097:HI:SCAN,2097,HI,SCAN,Kukuihaele,GC,Hawaii,200100000203,930,20.0955,-155.50864,-10,32496,KXAH1,2005-02-11 00:00,2100-01-01 00:00,308.0,347.0,294.0,345.0,362.0
1980,2141:NV:SCAN,2141,NV,SCAN,Kyle Canyon,GC,Clark,150100150301,7010,36.26527,-115.60852,-8,34941,KCYN2,2007-10-23 00:00,2100-01-01 00:00,337.33,181.67,248.0,480.67,252.67
2087,2106:TX:SCAN,2106,TX,SCAN,Lehman,GC,Cochran,120800010301,3760,33.62647,-102.7453,-6,30944,LEHT2,2005-03-12 00:00,2100-01-01 00:00,162.0,154.0,188.67,684.33,202.33
2096,2105:TX:SCAN,2105,TX,SCAN,Levelland,GC,Hockley,120500040203,3510,33.55125,-102.37392,-6,30943,LVLT2,2005-03-11 00:00,2100-01-01 00:00,213.33,205.33,91.33,581.0,89.33
2116,2021:WA:SCAN,2021,WA,SCAN,Lind #1,GC,Adams,170200150807,1650,47.0,-118.56667,-8,19303,LDDW1,1993-09-27 00:00,2100-01-01 00:00,572.0,124.0,105.67,304.33,99.33
2118,581:MT:SCAN,581,MT,SCAN,Lindsay,GC,Dawson,101000041002,2820,47.21415,-105.18702,-7,33997,LDSM8,1990-10-01 00:00,2100-01-01 00:00,261.67,165.0,158.33,573.33,142.33
2153,2155:UT:SCAN,2155,UT,SCAN,Little Red Fox,GC,Duchesne,140600030406,5390,40.17957,-110.30464,-7,43926,LRFU1,2010-01-20 00:00,2100-01-01 00:00,341.67,337.0,130.33,321.33,128.33
2154,2027:GA:SCAN,2027,GA,SCAN,Little River,GC,Tift,31102040105,340,31.5,-83.55,-5,24419,LRVG1,1999-05-19 09:00,2100-01-01 00:00,91.33,106.33,123.33,802.33,205.67
2174,2114:AL:SCAN,2114,AL,SCAN,Livingston-UWA,GC,Sumter,31602020404,150,32.608,-88.19743,-6,33154,LVSA1,2006-05-17 00:00,2100-01-01 00:00,287.33,350.67,152.33,362.67,198.33
2213,2169:NM:SCAN,2169,NM,SCAN,Los Lunas PMC,GC,Valencia,130202030604,4840,34.7715,-106.76288,-7,40727,LNAN5,2009-09-20 00:00,2100-01-01 00:00,87.33,167.67,73.67,744.67,73.33
2242,2146:NV:SCAN,2146,NV,SCAN,Lovell Summit,GC,Clark,160600150401,6600,36.16555,-115.61195,-8,34943,LSMN2,2007-10-29 00:00,2100-01-01 00:00,289.67,178.0,212.0,532.33,226.67
2244,2116:NV:SCAN,2116,NV,SCAN,Lovelock NNR,GC,Pershing,160401081100,3930,40.09247,-118.49345,-8,33798,LUVN2,2006-09-26 00:00,2100-01-01 00:00,319.67,606.67,256.67,73.0,252.0
2264,2230:MO:SCAN,2230,MO,SCAN,LTSP,GC,Shannon,110100080503,880,37.18167,-91.11778,-6,,,2021-07-06 00:00,2100-01-01 00:00,585.0,155.67,190.33,259.33,222.67
2276,2042:VT:SCAN,2042,VT,SCAN,Lye Brook,GC,Bennington,20200030202,2420,43.05753,-73.03834,-5,25913,LBKV1,2000-09-14 00:00,2100-01-01 00:00,362.67,74.67,965.67,562.67,1648.0
2296,2028:PA:SCAN,2028,PA,SCAN,Mahantango Ck,GC,Northumberland,20503010801,720,40.67309,-76.66702,-5,24393,MHCP1,1999-04-27 13:00,2100-01-01 00:00,467.33,202.0,344.33,330.67,386.67
2302,2079:KY:SCAN,2079,KY,SCAN,Mammoth Cave,GC,Hart,51100010808,790,37.1864,-86.04093,-6,29746,MAMK2,2003-08-28 00:00,2100-01-01 00:00,501.0,264.67,206.0,234.0,304.67
2307,2102:HI:SCAN,2102,HI,SCAN,Mana House,GC,Hawaii,200100000202,4230,19.95658,-155.53517,-10,32500,MANH1,2005-02-18 00:00,2100-01-01 00:00,287.33,331.33,303.33,381.0,320.67
2311,2020:ND:SCAN,2020,ND,SCAN,Mandan #1,GC,Morton,101301020105,1930,46.76667,-100.91667,-7,19646,MNDN8,1993-11-08 00:00,2100-01-01 00:00,401.67,247.0,220.0,351.67,234.33
2312,2156:UT:SCAN,2156,UT,SCAN,Manderfield,GC,Beaver,160300070101,6190,38.36649,-112.64291,-7,40633,MNDU1,2010-04-16 00:00,2100-01-01 00:00,492.67,241.33,182.67,266.33,170.33
2316,2149:CA:SCAN,2149,CA,SCAN,Marble Creek,GC,Mono,180901020501,6190,37.77767,-118.4209,-8,40058,MCXC1,2009-05-06 00:00,2100-01-01 00:00,200.33,68.33,73.33,731.67,76.0
2320,15:PR:SCAN,15,PR,SCAN,Maricao Forest,GC,UNKNOWN,210100030405,1670,18.15,-67.00468,-4,28522,MAFP4,2001-05-08 00:00,2100-01-01 00:00,361.67,378.67,402.33,259.33,545.0
2322,2225:MO:SCAN,2225,MO,SCAN,Mark Twain HS,GC,Ralls,71100070205,730,39.51311,-91.51401,-6,2018MO,CNRM7,2018-05-17 00:00,2100-01-01 00:00,683.33,257.67,178.67,59.33,180.33
2338,2043:NH:SCAN,2043,NH,SCAN,Mascoma River,GC,Grafton,10801060101,1390,43.7756,-72.02593,-5,24097,MSRN3,1998-08-03 00:00,2100-01-01 00:00,228.33,32.33,1088.67,739.33,2378.0
2339,2004:IL:SCAN,2004,IL,SCAN,Mason #1,GC,Mason,71300030507,490,40.31314,-89.90187,-6,18819,MASI2,1993-10-01 00:00,2100-01-01 00:00,217.33,126.0,227.33,656.67,186.0
2345,2110:MS:SCAN,2110,MS,SCAN,Mayday,GC,Yazoo,80302060902,100,32.86153,-90.51989,-6,32626,MAYM6,2005-09-23 00:00,2100-01-01 00:00,495.33,450.33,178.33,54.33,158.67
2356,2075:TN:SCAN,2075,TN,SCAN,McAllister Farm,GC,Lincoln,60300020302,940,35.06445,-86.59137,-6,30332,MCAT1,2003-06-02 00:00,2100-01-01 00:00,587.33,254.67,167.33,158.0,174.0
2363,2140:UT:SCAN,2140,UT,SCAN,Mccracken Mesa,GC,San Juan,140802010508,5310,37.44671,-109.33776,-7,34636,RACU1,2007-09-19 00:00,2100-01-01 00:00,284.33,241.33,75.33,474.33,72.33
2442,2129:UT:SCAN,2129,UT,SCAN,Milford,GC,Beaver,160300070406,5000,38.34196,-113.01053,-7,34113,MFRU1,2007-05-12 00:00,2100-01-01 00:00,531.33,336.67,160.67,132.33,139.0
2482,2232:PR:SCAN,2232,PR,SCAN,Miradero,GC,UNKNOWN,210100030302,130,18.21139,-67.13454,-4,21400,AYGP4,2022-05-04 00:00,2100-01-01 00:00,394.0,536.67,306.0,69.0,376.67
2508,2119:MT:SCAN,2119,MT,SCAN,Moccasin,GC,Judith Basin,100401030508,4250,47.05818,-109.95082,-7,33996,MSCM8,2006-10-21 00:00,2100-01-01 00:00,349.0,323.33,215.33,327.67,222.67
2513,2014:OH:SCAN,2014,OH,SCAN,Molly Caren #1,GC,Madison,50600020102,1030,39.95,-83.45,-5,19347,MOLO1,1993-10-01 00:00,2100-01-01 00:00,498.33,322.0,322.33,179.67,205.67
2521,2217:CA:SCAN,2217,CA,SCAN,Monocline Ridge,GC,Fresno,180300090904,890,36.54417,-120.55463,-8,,RGMC1,2014-10-29 00:00,2100-01-01 00:00,385.67,314.0,103.67,300.33,94.0
2539,2062:AK:SCAN,2062,AK,SCAN,Moose Inc,GC,Kenai Peninsula,190203010806,110,59.68881,-151.37108,-9,,MOIA2,2002-05-06 00:00,2100-01-01 00:00,495.33,93.0,488.33,411.67,1292.0
2548,2133:UT:SCAN,2133,UT,SCAN,Morgan,GC,Morgan,160201020106,5120,40.9999,-111.68555,-7,34633,MRGU1,2007-05-17 00:00,2100-01-01 00:00,372.67,195.33,362.0,431.67,298.67
2555,2178:AL:SCAN,2178,AL,SCAN,Morris Farms,GC,Macon,31501100504,220,32.41222,-85.91028,-6,70254,MRSA1,2010-04-13 00:00,2100-01-01 00:00,320.0,172.67,134.33,507.33,206.67
2591,2041:VT:SCAN,2041,VT,SCAN,Mount Mansfield,GC,Chittenden,41504050201,2310,44.53509,-72.83451,-5,25911,MMSV1,2000-09-13 00:00,2100-01-01 00:00,456.33,88.67,706.0,455.0,1235.0
2604,2134:UT:SCAN,2134,UT,SCAN,Mountain Home,GC,Duchesne,140600030802,6930,40.37263,-110.40602,-7,34631,MHMU1,2007-09-11 00:00,2100-01-01 00:00,300.67,217.0,258.67,482.33,260.33
2616,2060:MO:SCAN,2060,MO,SCAN,Mt Vernon,GC,Lawrence,110702070107,1230,37.073,-93.88158,-6,28843,MVEM7,2002-03-27 00:00,2100-01-01 00:00,724.33,176.33,189.33,98.67,185.0
2660,2039:VA:SCAN,2039,VA,SCAN,N Piedmont Arec,GC,Orange,20801060501,550,38.23333,-78.11667,-5,,NPAV2,2000-06-08 00:00,2100-01-01 00:00,423.0,291.67,217.67,285.33,338.67
2663,2228:TX:SCAN,2228,TX,SCAN,Nacogdoches,GC,Nacogdoches,120200040705,240,31.504,-94.75994,-6,TX347,ANFT2,2018-04-26 00:00,2100-01-01 00:00,340.67,74.0,102.0,585.0,129.67
2679,2137:UT:SCAN,2137,UT,SCAN,Nephi,GC,Juab,160202010101,5250,39.64554,-111.87044,-7,34632,NPIU1,2007-09-14 00:00,2100-01-01 00:00,459.67,248.0,178.0,292.0,181.67
2749,2087:MS:SCAN,2087,MS,SCAN,North Issaquena,GC,Issaquena,80302090304,110,32.9972,-91.05993,-6,31332,NORM6,2004-02-10 00:00,2100-01-01 00:00,582.33,370.67,164.0,47.0,135.0
2774,2017:CO:SCAN,2017,CO,SCAN,Nunn #1,GC,Weld,101900080301,5470,40.85989,-104.74033,-7,18289,NUNC2,1993-10-20 00:00,2100-01-01 00:00,198.33,196.33,114.33,605.33,95.33
2815,2033:MS:SCAN,2033,MS,SCAN,Onward,GC,Sharkey,80302090605,100,32.75358,-90.94208,-6,24680,OONM6,1999-09-17 00:00,2100-01-01 00:00,608.33,337.33,166.67,54.0,128.67
2819,674:ID:SCAN,674,ID,SCAN,Orchard Range Site,GC,Ada,170501010901,3190,43.32268,-115.99643,-7,,ORRI1,1983-10-01 00:00,2100-01-01 00:00,533.33,169.33,107.67,297.33,101.33
2861,2157:UT:SCAN,2157,UT,SCAN,Panguitch,GC,Garfield,160300010502,6530,37.86975,-112.43437,-7,40637,PNGU1,2010-01-25 00:00,2100-01-01 00:00,312.33,233.33,235.0,454.0,256.33
2878,2153:UT:SCAN,2153,UT,SCAN,Park Valley,GC,Box Elder,160203081407,5100,41.77318,-113.28596,-7,43922,PVLU1,2010-01-14 00:00,2100-01-01 00:00,402.67,169.33,132.0,427.67,96.67
2909,2037:SC:SCAN,2037,SC,SCAN,Pee Dee,GC,Darlington,30402010809,120,34.3,-79.73333,-5,,PDDS1,1999-11-15 09:00,2100-01-01 00:00,273.33,212.67,222.33,514.33,256.67
2917,2181:AL:SCAN,2181,AL,SCAN,Perdido Riv Farms,GC,Escambia,31401060101,300,31.10923,-87.55277,-6,39762,PRDA1,2010-05-08 00:00,2100-01-01 00:00,340.67,127.67,274.67,531.0,194.67
2920,2046:MS:SCAN,2046,MS,SCAN,Perthshire,GC,Bolivar,80302071101,150,33.9737,-90.90496,-6,27796,PERM6,2002-04-16 00:00,2100-01-01 00:00,551.33,429.0,197.33,19.33,159.33
2933,2093:KS:SCAN,2093,KS,SCAN,Phillipsburg,GC,Phillips,102600120103,1980,39.78638,-99.32953,-6,31339,PHBK1,2004-06-23 09:00,2100-01-01 00:00,662.67,266.67,163.67,70.67,165.67
2955,2144:NV:SCAN,2144,NV,SCAN,Pine Nut,GC,Clark,150100150202,6780,36.57285,-115.20422,-8,2144,NUTN2,2007-10-27 00:00,2100-01-01 00:00,346.0,154.67,130.33,499.0,143.33
3027,2049:MD:SCAN,2049,MD,SCAN,Powder Mill,GC,Prince George's,20700100203,130,39.01667,-76.85,-5,27253,PWDM2,2001-10-30 00:00,2100-01-01 00:00,372.33,177.0,319.67,450.67,433.33
3036,2061:MO:SCAN,2061,MO,SCAN,Powell Gardens,GC,Johnson,103001040102,920,38.86667,-94.03333,-6,28842,PWGM7,2002-03-27 15:00,2100-01-01 00:00,612.33,351.33,245.0,36.0,242.33
3038,2016:TX:SCAN,2016,TX,SCAN,Prairie View #1,GC,Waller,120401020101,270,30.08333,-95.98333,-6,19324,PRVT2,1993-10-01 00:00,2100-01-01 00:00,327.0,172.67,196.0,500.0,190.0
3042,2132:UT:SCAN,2132,UT,SCAN,Price,GC,Carbon,140600070603,5640,39.53288,-110.80604,-7,34111,PCEU1,2007-05-16 00:00,2100-01-01 00:00,449.0,271.33,92.67,279.67,75.0
3052,2005:KY:SCAN,2005,KY,SCAN,Princeton #1,GC,Caldwell,51402050301,600,37.1,-87.83333,-6,18820,PTNK2,1993-10-01 00:00,2100-01-01 00:00,647.33,256.67,181.67,95.67,177.0
3082,2238:HI:SCAN,2238,HI,SCAN,Puuwai Ranch,GC,Hawaii,200100000206,2830,19.98566,-155.35558,-10,,,2024-06-06 00:00,2100-01-01 00:00,329.33,305.0,367.67,365.67,458.67
3117,2236:CA:SCAN,2236,CA,SCAN,Rancheria,GC,Mono,180901010405,7190,38.07666,-119.11417,-8,,,2023-09-26 00:00,2100-01-01 00:00,244.67,126.0,181.67,629.0,212.67
3163,2104:TX:SCAN,2104,TX,SCAN,Reese Center,GC,Lubbock,120500011203,3330,33.61536,-102.03869,-6,30942,REET2,2005-03-10 00:00,2100-01-01 00:00,216.33,188.67,100.0,594.67,89.67
3176,2089:VA:SCAN,2089,VA,SCAN,Reynolds Homestead,GC,Patrick,30101030407,1120,36.64517,-80.14902,-5,,REYV2,2004-04-07 17:00,2100-01-01 00:00,360.33,208.67,182.67,430.33,260.0
3191,2199:TX:SCAN,2199,TX,SCAN,Riesel,GC,Falls,120701010206,550,31.47907,-96.88162,-6,,RIET2,2013-09-10 00:00,2100-01-01 00:00,424.67,468.67,147.67,107.33,179.67
3220,2182:AL:SCAN,2182,AL,SCAN,River Road Farms,GC,Houston,31300040801,110,31.01912,-85.03693,-6,,RVRA1,2010-05-09 00:00,2100-01-01 00:00,90.67,85.0,148.67,824.33,172.67
3254,2036:PA:SCAN,2036,PA,SCAN,Rock Springs Pa,GC,Centre,20503020404,1240,40.71667,-77.93333,-5,24539,RSPP1,1999-11-04 00:00,2100-01-01 00:00,579.67,228.33,298.33,192.0,341.67
3263,2001:NE:SCAN,2001,NE,SCAN,Rogers Farm #1,GC,Lancaster,102002030905,1200,40.85,-96.46667,-6,18827,ROFN1,1993-10-19 00:00,2100-01-01 00:00,643.0,342.67,197.0,14.33,228.67
3289,2229:NV:SCAN,2229,NV,SCAN,Ruby,GC,Elko,160600071103,6010,40.63697,-115.2212,-8,,RBYN2,2019-08-26 00:00,2100-01-01 00:00,452.0,201.67,136.33,346.0,123.0
3337,2200:TX:SCAN,2200,TX,SCAN,San Angelo,GC,Tom Green,120901040509,1970,31.5496,-100.50748,-6,73919,SXXT2,2013-09-11 00:00,2100-01-01 00:00,379.33,352.0,185.0,269.0,185.33
3353,2159:UT:SCAN,2159,UT,SCAN,Sand Hollow,GC,Washington,150100080907,3090,37.10516,-113.35615,-7,43932,SHWU1,2010-01-28 00:00,2100-01-01 00:00,57.33,63.33,57.33,879.33,52.33
3361,2109:MS:SCAN,2109,MS,SCAN,Sandy Ridge,GC,Sunflower,80302070406,130,33.65911,-90.57297,-6,32625,SRXM6,2005-09-22 00:00,2100-01-01 00:00,536.0,380.0,168.67,84.33,146.0
3391,2193:MO:SCAN,2193,MO,SCAN,Schell-Osage,GC,St. Clair,102901050206,800,37.9872,-94.0364,-6,59536,SCOM7,2012-07-24 00:00,2100-01-01 00:00,607.33,201.0,209.0,191.67,219.67
3395,2063:AK:SCAN,2063,AK,SCAN,Schor Garden,GC,Kenai Peninsula,190203010806,380,59.6927,-151.394,-9,,SCHA2,2002-05-06 00:00,2100-01-01 00:00,536.0,80.0,479.0,384.33,1254.67
3403,2070:MS:SCAN,2070,MS,SCAN,Scott,GC,Bolivar,80302071801,140,33.61962,-91.10184,-6,32317,SCOM6,2002-08-12 00:00,2100-01-01 00:00,535.33,371.0,164.67,93.67,155.0
3414,2012:FL:SCAN,2012,FL,SCAN,Sellers Lake #1,GC,Lake,30801011704,60,29.1,-81.63333,-5,19323,SLKF1,1994-10-01 00:00,2100-01-01 00:00,28.0,17.33,1710.67,954.33,295.67
3415,2176:AL:SCAN,2176,AL,SCAN,Selma,GC,Dallas,31502011205,140,32.40392,-86.89137,-6,70253,SMAA1,2010-04-11 00:00,2100-01-01 00:00,416.33,255.33,131.0,328.0,204.67
3432,2171:NM:SCAN,2171,NM,SCAN,Sevilleta,GC,Socorro,130202030703,5250,34.35813,-106.69127,-7,53314,SEVN5,2010-03-09 00:00,2100-01-01 00:00,274.0,222.33,69.67,503.67,75.67
3453,2186:CA:SCAN,2186,CA,SCAN,Shadow Mtns,GC,San Bernardino,180902031105,3580,35.46607,-115.7151,-8,70989,DWMC1,2011-11-18 00:00,2100-01-01 00:00,201.67,112.33,35.0,685.67,32.67
3454,2068:IA:SCAN,2068,IA,SCAN,Shagbark Hills,GC,Woodbury,102300031501,1360,42.44481,-95.76793,-6,28844,SHAI4,2002-06-19 09:00,2100-01-01 00:00,641.0,318.0,213.67,41.0,206.0
3458,2227:MO:SCAN,2227,MO,SCAN,Shaw Nature Reserve,GC,Franklin,71401020902,580,38.47889,-90.80639,-6,,SNRM7,2018-05-16 00:00,2100-01-01 00:00,678.0,243.0,205.67,79.0,206.33
3468,2088:VA:SCAN,2088,VA,SCAN,Shenandoah,GC,Augusta,20802020402,1760,37.93299,-79.21513,-5,,SHDV2,2004-04-06 00:00,2100-01-01 00:00,541.67,381.67,226.0,76.33,283.33
3490,2120:MT:SCAN,2120,MT,SCAN,Sidney,GC,Richland,101000042503,2270,47.77102,-104.247,-7,34002,SISM8,2006-10-24 00:00,2100-01-01 00:00,443.0,300.67,171.33,256.33,181.0
3499,2086:MS:SCAN,2086,MS,SCAN,Silver City,GC,Humphreys,80302071705,110,33.0875,-90.51151,-6,31331,SILM6,2004-02-10 00:00,2100-01-01 00:00,621.0,299.0,170.0,80.67,144.33
3512,2101:HI:SCAN,2101,HI,SCAN,Silver Sword,GC,Hawaii,200100000401,9320,19.76505,-155.42348,-10,32498,SLVH1,2005-02-19 00:00,2100-01-01 00:00,270.33,322.67,321.33,406.67,419.0
3521,2231:MO:SCAN,2231,MO,SCAN,Sinkin Forest,GC,Dent,110100080301,1330,37.50138,-91.2594,-6,,,2021-07-06 00:00,2100-01-01 00:00,574.0,149.0,212.0,277.33,248.0
3639,2047:MO:SCAN,2047,MO,SCAN,Spickard,GC,Audrain,102801021004,870,40.25,-93.71667,-6,28816,SPCM7,2001-09-19 00:00,2100-01-01 00:00,550.67,342.67,224.0,106.33,193.33
3643,2154:UT:SCAN,2154,UT,SCAN,Split Mountain,GC,Uintah,140600101102,4850,40.39136,-109.35326,-7,43991,SPMU1,2010-01-19 00:00,2100-01-01 00:00,357.67,273.33,178.0,369.67,360.0
3647,2158:UT:SCAN,2158,UT,SCAN,Spooky,GC,Kane,140700050701,5340,37.51468,-111.26189,-7,,SPYU1,2010-04-14 00:00,2100-01-01 00:00,283.0,186.67,54.67,530.33,48.67
3692,2056:AL:SCAN,2056,AL,SCAN,Stanley Farm,GC,Morgan,60300020605,570,34.43935,-86.68734,-6,27794,STAA1,2002-02-23 00:00,2100-01-01 00:00,366.33,218.33,186.0,415.33,196.0
3693,2064:MS:SCAN,2064,MS,SCAN,Starkville,GC,Oktibbeha,31601040507,270,33.47094,-88.78051,-6,27795,STKM6,1999-09-17 00:00,2100-01-01 00:00,508.33,329.0,156.67,162.67,167.0
3713,2203:TX:SCAN,2203,TX,SCAN,Stephenville,GC,Erath,120602040103,1310,32.24535,-98.19563,-6,,SPVT2,2013-09-14 00:00,2100-01-01 00:00,242.33,160.0,162.67,597.67,154.67
3740,2219:CA:SCAN,2219,CA,SCAN,Stubblefield,GC,San Luis Obispo,180600030101,3020,34.97018,-119.47831,-8,,DLFC1,2014-10-31 00:00,2100-01-01 00:00,354.0,186.33,133.67,459.33,134.67
3746,2179:AL:SCAN,2179,AL,SCAN,Sudduth Farms,GC,Winston,31601100303,790,34.17973,-87.45618,-6,70257,SUDA1,2010-04-14 00:00,2100-01-01 00:00,477.67,281.0,165.67,241.33,199.0
3807,808:MT:SCAN,808,MT,SCAN,Table Mountain,GC,Gallatin,100200071505,4470,45.80272,-111.58655,-7,34591,TABM8,1986-09-30 00:00,2100-01-01 00:00,368.0,398.67,163.33,233.33,129.67
3891,2233:NM:SCAN,2233,NM,SCAN,Thoreau,GC,McKinley,130202070101,7070,35.40455,-108.1783,-7,,,2022-06-01 00:00,2100-01-01 00:00,246.67,234.67,79.67,518.67,86.33
3905,2008:NC:SCAN,2008,NC,SCAN,Tidewater #1,GC,Washington,30102050103,10,35.86667,-76.65,-5,18823,TIDN7,1993-10-01 00:00,2100-01-01 00:00,342.33,186.0,313.33,471.67,345.67
3920,2082:MS:SCAN,2082,MS,SCAN,Tnc Fort Bayou,GC,Jackson,31700090604,40,30.4712,-88.74162,-6,30981,TFBM6,2003-11-04 00:00,2100-01-01 00:00,184.33,55.33,269.0,760.67,232.67
3952,2018:WY:SCAN,2018,WY,SCAN,Torrington #1,GC,Goshen,101800090503,4180,42.07053,-104.14084,-7,19540,TRGW4,1993-10-21 00:00,2100-01-01 00:00,315.67,222.33,140.67,462.0,127.33
3983,2142:NV:SCAN,2142,NV,SCAN,Trough Springs,GC,Clark,160600150101,7860,36.37355,-115.78127,-8,31755,TRUN2,2007-10-28 00:00,2100-01-01 00:00,512.67,234.33,401.0,253.33,285.67
4010,2163:UT:SCAN,2163,UT,SCAN,Tule Valley,GC,Millard,160203030103,4600,39.23724,-113.45866,-7,43927,TULU1,2010-03-08 00:00,2100-01-01 00:00,360.33,210.33,44.33,429.33,49.67
4011,2034:MS:SCAN,2034,MS,SCAN,Tunica,GC,Tunica,80302040801,190,34.6764,-90.41142,-6,24682,TNAM6,1999-09-17 00:00,2100-01-01 00:00,510.33,364.0,216.67,125.0,183.67
4020,2115:AL:SCAN,2115,AL,SCAN,Tuskegee,GC,Macon,31501100503,410,32.43455,-85.74802,-6,33155,TKSA1,2006-05-18 00:00,2100-01-01 00:00,129.33,121.67,130.67,749.33,179.0
4035,2226:MO:SCAN,2226,MO,SCAN,Twin Pines Conservation Area,GC,Shannon,110100080401,960,36.99024,-91.30943,-6,2018MO,TPCM7,2018-05-22 00:00,2100-01-01 00:00,491.33,213.67,174.67,295.0,186.67
4042,2083:AR:SCAN,2083,AR,SCAN,Uapb Campus-PB,GC,Jefferson,111102070605,230,34.25188,-92.02632,-6,31334,UAPA4,2004-02-05 00:00,2100-01-01 00:00,569.0,186.0,151.33,245.33,153.33
4043,2091:AR:SCAN,2091,AR,SCAN,Uapb Dewitt,GC,Arkansas,80203030104,190,34.27788,-91.35017,-6,32242,DWTA4,2004-05-06 00:00,2100-01-01 00:00,701.0,242.67,174.67,56.67,144.0
4044,2090:AR:SCAN,2090,AR,SCAN,Uapb Point Remove,GC,Pope,111102030304,310,35.20842,-92.92462,-6,32243,POIA4,2004-05-04 00:00,2100-01-01 00:00,438.67,163.0,141.0,398.0,144.33
4045,2085:AR:SCAN,2085,AR,SCAN,Uapb-Earle,GC,Crittenden,80202031212,210,35.27732,-90.45031,-6,,UAEA4,2004-02-07 00:00,2100-01-01 00:00,452.33,415.0,164.0,132.67,134.33
4046,2030:AR:SCAN,2030,AR,SCAN,Uapb-Lonoke Farm,GC,Lonoke,80203010401,250,34.85,-91.88333,-6,24684,LNKA4,1999-09-16 00:00,2100-01-01 00:00,732.67,189.0,152.33,78.0,166.33
4047,2084:AR:SCAN,2084,AR,SCAN,Uapb-Marianna,GC,Lee,80203040301,220,34.7849,-90.81769,-6,31335,UAMA4,2004-02-06 00:00,2100-01-01 00:00,770.33,191.67,190.0,38.0,154.33
4061,2123:VI:SCAN,2123,VI,SCAN,Upper Bethlehem,GC,St. Croix,210200020203,110,17.71833,-64.79518,-4,34003,UBEV3,2006-11-14 00:00,2100-01-01 00:00,338.67,427.67,340.0,234.0,313.0
4102,2204:TX:SCAN,2204,TX,SCAN,Uvalde,GC,Uvalde,121101060903,930,29.21578,-99.75517,-6,,VLDT2,2013-09-17 00:00,2100-01-01 00:00,367.67,375.67,129.67,257.0,153.33
4103,2196:WI:SCAN,2196,WI,SCAN,UW Platteville,GC,Lafayette,70600050302,1090,42.70785,-90.3899,-6,,UWPW3,2013-09-04 17:00,2100-01-01 00:00,664.67,306.33,428.67,29.0,238.33
4113,2234:CA:SCAN,2234,CA,SCAN,Vallecitos,GC,San Benito,180400140302,1620,36.45976,-120.70601,-8,,,2022-10-26 00:00,2100-01-01 00:00,391.33,402.0,188.0,206.67,192.0
4117,2035:MS:SCAN,2035,MS,SCAN,Vance,GC,Tallahatchie,80302020505,150,34.06301,-90.35843,-6,24683,VNCM6,1999-09-17 00:00,2100-01-01 00:00,455.67,371.0,183.0,173.33,154.33
4128,2162:UT:SCAN,2162,UT,SCAN,Vermillion,GC,Kane,140700070405,6400,37.19061,-112.19252,-7,40638,VMLU1,2010-04-13 00:00,2100-01-01 00:00,181.67,70.67,69.33,747.33,73.0
4130,2202:TX:SCAN,2202,TX,SCAN,Vernon,GC,Wilbarger,111302070302,1190,34.01635,-99.2464,-6,,VNOT2,2013-09-13 00:00,2100-01-01 00:00,502.67,309.0,155.33,188.67,136.0
4137,2118:MT:SCAN,2118,MT,SCAN,Violett,GC,Liberty,100302040502,3210,48.43578,-111.18423,-7,34000,VIOM8,2006-10-20 00:00,2100-01-01 00:00,426.0,368.67,170.67,206.0,137.0
4158,2003:WI:SCAN,2003,WI,SCAN,Wabeno #1,GC,Forest,40301050401,1580,45.47351,-88.58584,-6,17217,WABW3,1993-10-01 00:00,2100-01-01 00:00,522.67,86.33,324.33,391.0,355.33
4161,2099:HI:SCAN,2099,HI,SCAN,Waimea Plain,GC,Hawaii,200100000201,3040,20.0096,-155.5979,-10,32499,WPLH1,2005-02-17 00:00,2100-01-01 00:00,294.0,369.67,355.33,336.33,395.67
4162,2009:FL:SCAN,2009,FL,SCAN,Wakulla #1,GC,Leon,31200010702,90,30.30585,-84.42477,-5,18824,WAKF1,1993-10-01 00:00,2100-01-01 00:00,57.0,22.0,761.0,921.33,319.33
4170,2026:AZ:SCAN,2026,AZ,SCAN,Walnut Gulch #1,GC,Cochise,150502020707,4500,31.74368,-110.05185,-7,24357,WGHA3,1999-03-19 00:00,2100-01-01 00:00,207.33,194.0,100.0,598.33,91.0
4188,2013:GA:SCAN,2013,GA,SCAN,Watkinsville #1,GC,Oconee,30701010305,760,33.88333,-83.43333,-5,19305,WKSG1,1993-10-01 00:00,2100-01-01 00:00,202.67,173.33,127.67,624.0,179.33
4206,2175:AL:SCAN,2175,AL,SCAN,Wedowee,GC,Randolph,31501080906,940,33.33168,-85.51818,-6,70256,WEDA1,2010-04-10 00:00,2100-01-01 00:00,310.67,241.33,134.33,448.0,211.33
4215,2205:TX:SCAN,2205,TX,SCAN,Weslaco,GC,Hidalgo,121102080300,70,26.15553,-97.95927,-6,,WCOT2,2013-09-16 00:00,2100-01-01 00:00,203.67,193.0,134.67,603.67,133.0
4225,2139:UT:SCAN,2139,UT,SCAN,West Summit,GC,San Juan,140300050503,6980,38.01394,-109.12745,-7,34634,WSMU1,2007-09-18 00:00,2100-01-01 00:00,368.67,269.33,133.33,361.67,133.33
4315,2108:NM:SCAN,2108,NM,SCAN,Willow Wells,GC,Lea,120800040101,4350,33.53382,-103.63097,-7,30946,WILN5,2005-03-12 00:00,2100-01-01 00:00,78.33,150.33,100.67,771.33,86.0
4361,2053:AL:SCAN,2053,AL,SCAN,Wtars,GC,Madison,60300020306,770,34.90159,-86.53852,-6,27978,WTAA1,2002-02-04 00:00,2100-01-01 00:00,662.0,266.67,169.33,71.33,183.67
4391,2038:SC:SCAN,2038,SC,SCAN,Youmans Farm,GC,Hampton,30601090302,100,32.66667,-81.2,-5,,YMFS1,1999-11-15 09:00,2100-01-01 00:00,139.33,219.67,324.0,640.67,296.33
